Herbert �,dictum.eu@purussapien.co.uk,9,eel
Lan �,tempor.arcu.Vestibulum@molestie.org,4,soymilk
Alvina �,Nunc.mauris.Morbi@nonhendrerit.com,10,pepper
Latonya �,enim.nec.tempus@idante.com,7,cherries
Jaymie �,vel@dolor.co.uk,4,chili sauce
Lindsey �,eros.non.enim@erosnectellus.edu,7,horseradish
Cora �,lorem.fringilla.ornare@sollicitudinadipiscingligula.net,5,chaurice sausage
Jonas �,Sed.pharetra.felis@NuncmaurisMorbi.edu,3,alfredo sauce
Glenn �,sed@nonlobortisquis.com,7,poppy seeds
Karma �,Integer.sem.elit@nuncidenim.ca,10,pears
Fae �,aliquet.libero@utaliquam.net,8,artificial sweetener
Tammera �,quam@Sedneque.edu,6,cumin
Paris �,Aenean.eget@odioEtiam.org,7,angelica
Arianne �,nunc@vehicula.co.uk,6,tea
Danika �,Ut.sagittis@ipsumprimis.net,4,sugar
Ching �,sit.amet@nascetur.ca,1,vermouth
Sally �,arcu.eu.odio@pellentesquemassa.ca,5,guavas
Yuk �,in.molestie@Nullasempertellus.org,3,apple pie spice
Antone �,a.arcu@Aeneansed.org,4,peaches
Ima �,consectetuer.mauris@fermentum.ca,9,pumpkin seeds
